:ID,taskName,methodName,:LABEL
me1,,BERT,Method
me2,,GPT,Method
me3,,LSTM,Method
me4,,CRF,Method
me5,,Transformer-based models,Method
me6,,Transformer-based model,Method
me7,Multimodal Approach,Multimodal Approach,Method
me8,,Historical Contextualization,Method
me9,,Feature Extraction Refinement,Method
me10,,Deep Learning Models with Transformers,Method
me11,,Transformers,Method
me12,,Transformer models,Method
me13,,BERT Multilingual Variants,Method
me14,,Python-based web scraping,Method
me15,,BERT-based experiments,Method
me16,,BERT-based models,Method
me17,,BERT model refinements,Method
me18,,Adaptive Algorithm Prototyping,Method
me19,,Johnson et al.'s frameworks,Method
me20,,Chronological NLP,Method
me21,,Adaptive Algorithms,Method
me22,,TensorFlow,Method
me23,,PyTorch,Method
me24,,Jupyter Notebooks,Method
me25,,Voila,Method
me26,,Google Colab,Method
me27,,Jupyter,Method
me28,,adaptive model,Method
me29,,Adaptive Model Framework,Method
me30,,Adaptive Model,Method
me31,,Methodology enhancement for model adaptability,Method
me32,,Data Preprocessing and Algorithmic Methodologies,Method
me33,,Syntactic Structuring in Historical Texts,Method
me34,,syntactic structuring,Method
me35,,Advanced Syntactic Structuring Tools,Method
me36,,Syntactic Parsing,Method
me37,,Tokenization,Method
me38,,Syntactic Tools,Method
me39,,NLP tools,Method
me40,,Ethical Frameworks in NLP,Method
me41,,Data Preprocessing Workflow,Method
me42,,adaptive learning algorithms,Method
me43,,Adaptive Learning Algorithms,Method
me44,,Bias Mitigation Strategies,Method
me45,,NLP methodologies for socio-cultural context,Method
me46,,GPT-X,Method
