:ID,taskName,datasetName,:LABEL
tk1,Temporal Sentiment Analysis,,Task
tk2,Temporal Sentiment Analysis Framework Enhancement,,Task
tk3,Comparative Sentiment Analysis in Historical Texts,,Task
tk4,Comparative Sentiment Analysis,,Task
tk5,Building a diverse multilingual corpus of historical texts,,Task
tk6,Historical NLP,,Task
tk7,Publication Strategy,,Task
tk8,NLP techniques on historical datasets,,Task
tk9,Historical Data Analysis,,Task
tk10,Historiographical Insights,,Task
tk11,Interdisciplinary Frameworks,,Task
tk12,Cultural Narrative and Technological Synthesis,,Task
tk13,Integration of cultural narratives into NLP frameworks,,Task
tk14,Chronology and Textual Anomalies,,Task
tk15,Interdisciplinary Applications in Historical Data,,Task
tk16,Algorithmic Exploration with Historical Context,,Task
tk17,Chronology and Textual Anomalies Detection,,Task
tk18,Interdisciplinary Applications and Datasets,,Task
tk19,Adaptive Algorithms Development,,Task
tk20,Grant Proposal Development,,Task
tk21,Chronology and Textual Anomalies Review,,Task
tk22,Anomaly Detection Models,,Task
tk23,Integration of datasets from the British Museum,,Task
tk24,Integrating Historical Datasets with NLP,,Task
tk25,Bridging Cultural Narratives through NLP,,Task
tk26,Algorithm Refinement,,Task
tk27,Educational Tool Development,,Task
tk28,Algorithmic Strategies,,Task
tk29,Prototype Development,,Task
tk30,Algorithmic Integration and Strategies,,Task
tk31,User-Centered Prototype Development,,Task
tk32,Pilot Phase Proposal,,Task
tk33,Adaptive Model Integration,,Task
tk34,Platform Compatibility Assessment,,Task
tk35,Draft Refinements,,Task
tk36,Feedback Incorporation and Revisions,,Task
tk37,Methodological Clarity,,Task
tk38,Data Representation,,Task
tk39,Experimental Evaluation,,Task
tk40,Conclusion and Future Work,,Task
tk41,Data Processing Visualization,,Task
tk42,Feedback Integration on Model Variability and Cultural Text Categorization,,Task
tk43,Dataset Expansion with Historical Texts,,Task
tk44,Manuscript Development for JOCCH/JDoc,,Task
tk45,Exploration of US-based Digital Humanities Grants,,Task
tk46,Research on UK/EU Funding Options,,Task
tk47,Collaboration on Multilingual Datasets for Historical Narrative Studies,,Task
tk48,Literature Review Expansion,,Task
tk49,Interdisciplinary Applications in Cultural and Historical Studies,,Task
tk50,Analysis of Under-Represented Linguistic Datasets,,Task
tk51,Syntactic Structuring in Historical NLP Datasets,,Task
tk52,Advanced analysis using syntactic tools,,Task
tk53,Advanced Syntactic Tools Analysis,,Task
tk54,Preliminary Data Trial Outcomes,,Task
tk55,Grant Proposal Refinement,,Task
tk56,Regional Collaboration Strategy,,Task
tk57,Academic Dissemination Plans,,Task
tk58,NLP Tool Clarifications and Contributions,,Task
tk59,Socio-Cultural Impact Deliberations,,Task
tk60,Data Visualization,,Task
tk61,Comparative Analysis,,Task
tk62,socio-cultural implications of NLP in under-represented dialects,,Task
tk63,Data Collection for New Dialects,,Task
tk64,Development of Collaborative Platforms,,Task
tk65,Ethical Framework Establishment,,Task
tk66,Expansion to Additional Dialects,,Task
tk67,Collaborative Platforms for Language Preservation,,Task
tk68,Ethics in NLP,,Task
tk69,Collaborative Platforms,,Task
tk70,Survey/Interview Framework Proposal,,Task
tk71,Ethical Framework Consultation,,Task
tk72,Dialect Prioritization and Data Collation,,Task
tk73,Technical Feasibility Report for Collaboration Platform,,Task
tk74,Survey Design for Ethical Consultations,,Task
tk75,Dialect and Data Update,,Task
tk76,Collaborative Platform Development,,Task
tk77,Ethical Framework Advancement,,Task
tk78,Dialect Recognition,,Task
tk79,Dialect Data Collection,Dialect Data Collection,Task
tk80,Technical Developments,,Task
tk81,Ethical Consideration Surveys,,Task
tk82,Ethical Framework Integration,,Task
tk83,Dialect Variation in NLP,,Task
tk84,NLP and historical datasets presentation preparation,,Task
tk85,Presentation Delivery,,Task
tk86,Q&A Preparation,,Task
tk87,Technical Setup,,Task
tk88,Audience Engagement,,Task
tk89,Ethical Considerations in NLP,,Task
tk90,Ethical Narrative Expansion,,Task
tk91,NLP Techniques for Analyzing Historical Texts,,Task
tk92,Manuscript Revisions,,Task
tk93,Literature Review on Ethical NLP Practices,,Task
tk94,Algorithmic Detail Expansion,,Task
tk95,Discussion and Conclusion Enhancements,,Task
tk96,Ethical Considerations,,Task
tk97,Case Study Clarifications,,Task
tk98,Operationalizing Cross-Cultural Frameworks,,Task
tk99,Enhancing Ethical Considerations,,Task
tk100,Cross-Cultural Frameworks Development,,Task
tk101,Final Revisions Discussion,,Task
tk102,Cross-Cultural Frameworks,,Task
tk103,Historical NLP Tasks,,Task
tk104,historical text analysis,,Task
tk105,bias mitigation,,Task
tk106,Manuscript Revision,,Task
tk107,Empirical Testing of Adaptive Algorithms,,Task
tk108,Cross-Cultural Case Studies,,Task
tk109,Enhanced Ethical Discussions,,Task
tk110,NLP Methodologies for Historical Texts,,Task
tk111,Enhancing Narrative Transitions,,Task
tk112,Visualizations and Empirical Data,,Task
tk113,Formatting and Submission,,Task
tk114,Graphical Abstract Design,,Task
tk115,Final Proofreading,,Task
tk116,Ethical Statement Draft,,Task
tk117,Final Submission Preparation,,Task
tk118,Advancement of Methods in NLP,,Task
tk119,Demographic Metadata Analysis,,Task
tk120,Cultural Context Interpretation,,Task
tk121,GPT-X Trial Setup,,Task
tk122,GPT-X Model Technical Trials,,Task
